First Name,Last Name,Company Name,Job Title,Seniority,Job Function
Sarah,Chen,Acme Financial,VP of Customer Experience,VP,Customer Experience
John,Martinez,TechStart Inc,Senior Manager of Support Operations,Senior Manager,Customer Support
Robert,Williams,GlobalBank Corp,Chief Customer Officer,C-Level,Customer Experience
Emily,Brown,RetailPlus Group,Director of Operations,Director,Operations
Michael,Lee,BrightForce Staffing,VP of Talent Acquisition,VP,Human Resources
Jennifer,Davis,ShopDirect Inc,Director of Contact Center Operations,Director,Customer Support
Thomas,Wilson,Teleperformance,VP of Client Services,VP,Operations
Amanda,Taylor,MedDevice Corp,SVP of Customer Success,SVP,Customer Success
Carlos,Gomez,FinServ Global,Head of Customer Care,Director,Customer Experience
Lisa,Kim,AutoParts Direct,VP of Procurement,VP,Procurement
David,Park,CloudSystems LLC,Software Engineering Lead,Lead,Engineering
Rachel,Nguyen,Retail Brands Co,EVP of Customer Strategy,EVP,Customer Experience
Mark,Johnson,Concentrix,Director of CX Delivery,Director,Customer Experience
Priya,Patel,InsureCo Holdings,Chief Experience Officer,C-Level,Customer Experience
